{
	"name": "@medsy/classic",
	"version": "1.5.0",
	"private": true,
	"scripts": {
		"dev": "next",
		"build": "next build",
		"start": "next start",
		"lint": "next lint"
	},
	"dependencies": {
		"google-spreadsheet": "^3.3.0",
		"localforage": "^1.10.0",
		"mailgen": "^2.0.27",
		"mailgun-js": "^0.22.0",
		"next": "^12.3.1",
		"next-compose-plugins": "^2.2.1",
		"next-optimized-images": "^2.6.2",
		"next-pwa": "^5.6.0",
		"nodemailer": "^6.8.0",
		"overlayscrollbars": "1.13.1",
		"overlayscrollbars-react": "^0.2.3",
		"rc-collapse": "^3.4.2",
		"react": "^18.2.0",
		"react-currency-format": "^1.1.0",
		"react-dom": "^18.2.0",
		"react-multi-carousel": "^2.8.2",
		"react-number-format": "^5.0.1",
		"react-scroll": "^1.8.7",
		"react-spring": "^9.5.5",
		"react-stickynode": "^4.1.0",
		"react-waypoint": "^10.3.0",
		"sharp": "^0.31.1",
		"swr": "^1.3.0",
		"typeface-open-sans": "^1.1.13"
	},
	"devDependencies": {
		"@types/react": "^18.0.21",
		"autoprefixer": "^10.4.12",
		"babel-plugin-inline-react-svg": "^2.0.1",
		"eslint": "8.25.0",
		"eslint-config-next": "12.3.1",
		"imagemin-optipng": "^8.0.0",
		"imagemin-svgo": "^10.0.1",
		"postcss": "^8.4.18",
		"tailwindcss": "^3.2.0",
		"typescript": "^4.8.4"
	}
}
