{
  "env": {
    "GOOGLE_SPREADSHEET_ID_PRODUCT": "your_google_spreadsheet_id_for_product_here",
    "GOOGLE_SPREADSHEET_ID_ORDER": "your_google_spreadsheet_id_for_order_here",
    "GOOGLE_SERVICE_ACCOUNT_CLIENT_EMAIL": "your_google_service_account_client_email_here",
    "GOOGLE_SERVICE_ACCOUNT_PRIVATE_KEY": "your_google_service_account_private_key_here",
    "NEXT_PUBLIC_INSTAGRAM_BASIC_DISPLAY_USER_TOKEN": "your_next_public_instagram_basic_display_user_token_here"
  },
  "build": {
    "env": {
      "GOOGLE_SPREADSHEET_ID_PRODUCT": "your_google_spreadsheet_id_for_product_here",
      "GOOGLE_SPREADSHEET_ID_ORDER": "your_google_spreadsheet_id_for_order_here",
      "GOOGLE_SERVICE_ACCOUNT_CLIENT_EMAIL": "your_google_service_account_client_email_here",
      "GOOGLE_SERVICE_ACCOUNT_PRIVATE_KEY": "your_google_service_account_private_key_here",
      "NEXT_PUBLIC_INSTAGRAM_BASIC_DISPLAY_USER_TOKEN": "your_next_public_instagram_basic_display_user_token_here"
    }
  }
}
